[
  {
    "date": "2026-01-01",
    "state": "ACT",
    "name": "New Year\u0027s Day"
  },
  {
    "date": "2026-01-01",
    "state": "NSW",
    "name": "New Year\u0027s Day"
  },
  {
    "date": "2026-01-01",
    "state": "NT",
    "name": "New Year\u0027s Day"
  },
  {
    "date": "2026-01-01",
    "state": "QLD",
    "name": "New Year\u0027s Day"
  },
  {
    "date": "2026-01-01",
    "state": "SA",
    "name": "New Year\u0027s Day"
  },
  {
    "date": "2026-01-01",
    "state": "TAS",
    "name": "New Year\u0027s Day"
  },
  {
    "date": "2026-01-01",
    "state": "VIC",
    "name": "New Year\u0027s Day"
  },
  {
    "date": "2026-01-01",
    "state": "WA",
    "name": "New Year\u0027s Day"
  },
  {
    "date": "2026-01-26",
    "state": "ACT",
    "name": "Australia Day"
  },
  {
    "date": "2026-01-26",
    "state": "NSW",
    "name": "Australia Day"
  },
  {
    "date": "2026-01-26",
    "state": "NT",
    "name": "Australia Day"
  },
  {
    "date": "2026-01-26",
    "state": "QLD",
    "name": "Australia Day"
  },
  {
    "date": "2026-01-26",
    "state": "SA",
    "name": "Australia Day"
  },
  {
    "date": "2026-01-26",
    "state": "TAS",
    "name": "Australia Day"
  },
  {
    "date": "2026-01-26",
    "state": "VIC",
    "name": "Australia Day"
  },
  {
    "date": "2026-01-26",
    "state": "WA",
    "name": "Australia Day"
  },
  {
    "date": "2026-03-02",
    "state": "WA",
    "name": "Labour Day"
  },
  {
    "date": "2026-03-09",
    "state": "ACT",
    "name": "Canberra Day"
  },
  {
    "date": "2026-03-09",
    "state": "SA",
    "name": "Adelaide Cup Day"
  },
  {
    "date": "2026-03-09",
    "state": "TAS",
    "name": "Eight Hours Day"
  },
  {
    "date": "2026-03-09",
    "state": "VIC",
    "name": "Labour Day"
  },
  {
    "date": "2026-04-03",
    "state": "ACT",
    "name": "Good Friday"
  },
  {
    "date": "2026-04-03",
    "state": "NSW",
    "name": "Good Friday"
  },
  {
    "date": "2026-04-03",
    "state": "NT",
    "name": "Good Friday"
  },
  {
    "date": "2026-04-03",
    "state": "QLD",
    "name": "Good Friday"
  },
  {
    "date": "2026-04-03",
    "state": "SA",
    "name": "Good Friday"
  },
  {
    "date": "2026-04-03",
    "state": "TAS",
    "name": "Good Friday"
  },
  {
    "date": "2026-04-03",
    "state": "VIC",
    "name": "Good Friday"
  },
  {
    "date": "2026-04-03",
    "state": "WA",
    "name": "Good Friday"
  },
  {
    "date": "2026-04-04",
    "state": "ACT",
    "name": "Easter Saturday"
  },
  {
    "date": "2026-04-04",
    "state": "NSW",
    "name": "Easter Saturday"
  },
  {
    "date": "2026-04-04",
    "state": "NT",
    "name": "Easter Saturday"
  },
  {
    "date": "2026-04-04",
    "state": "QLD",
    "name": "Easter Saturday"
  },
  {
    "date": "2026-04-04",
    "state": "SA",
    "name": "Easter Saturday"
  },
  {
    "date": "2026-04-04",
    "state": "VIC",
    "name": "Easter Saturday"
  },
  {
    "date": "2026-04-04",
    "state": "WA",
    "name": "Easter Saturday"
  },
  {
    "date": "2026-04-05",
    "state": "ACT",
    "name": "Easter Sunday"
  },
  {
    "date": "2026-04-05",
    "state": "NSW",
    "name": "Easter Sunday"
  },
  {
    "date": "2026-04-05",
    "state": "NT",
    "name": "Easter Sunday"
  },
  {
    "date": "2026-04-05",
    "state": "QLD",
    "name": "Easter Sunday"
  },
  {
    "date": "2026-04-05",
    "state": "SA",
    "name": "Easter Sunday"
  },
  {
    "date": "2026-04-05",
    "state": "TAS",
    "name": "Easter Sunday"
  },
  {
    "date": "2026-04-05",
    "state": "VIC",
    "name": "Easter Sunday"
  },
  {
    "date": "2026-04-05",
    "state": "WA",
    "name": "Easter Sunday"
  },
  {
    "date": "2026-04-06",
    "state": "ACT",
    "name": "Easter Monday"
  },
  {
    "date": "2026-04-06",
    "state": "NSW",
    "name": "Easter Monday"
  },
  {
    "date": "2026-04-06",
    "state": "NT",
    "name": "Easter Monday"
  },
  {
    "date": "2026-04-06",
    "state": "QLD",
    "name": "Easter Monday"
  },
  {
    "date": "2026-04-06",
    "state": "SA",
    "name": "Easter Monday"
  },
  {
    "date": "2026-04-06",
    "state": "TAS",
    "name": "Easter Monday"
  },
  {
    "date": "2026-04-06",
    "state": "VIC",
    "name": "Easter Monday"
  },
  {
    "date": "2026-04-06",
    "state": "WA",
    "name": "Easter Monday"
  },
  {
    "date": "2026-04-07",
    "state": "TAS",
    "name": "Easter Tuesday (Government employees only)"
  },
  {
    "date": "2026-04-25",
    "state": "ACT",
    "name": "Anzac Day"
  },
  {
    "date": "2026-04-25",
    "state": "NSW",
    "name": "Anzac Day"
  },
  {
    "date": "2026-04-25",
    "state": "NT",
    "name": "Anzac Day"
  },
  {
    "date": "2026-04-25",
    "state": "QLD",
    "name": "Anzac Day"
  },
  {
    "date": "2026-04-25",
    "state": "SA",
    "name": "Anzac Day"
  },
  {
    "date": "2026-04-25",
    "state": "TAS",
    "name": "Anzac Day"
  },
  {
    "date": "2026-04-25",
    "state": "VIC",
    "name": "Anzac Day"
  },
  {
    "date": "2026-04-25",
    "state": "WA",
    "name": "Anzac Day"
  },
  {
    "date": "2026-04-27",
    "state": "ACT",
    "name": "Anzac Day (additional)"
  },
  {
    "date": "2026-04-27",
    "state": "WA",
    "name": "Anzac Day (additional)"
  },
  {
    "date": "2026-05-04",
    "state": "NT",
    "name": "May Day"
  },
  {
    "date": "2026-05-04",
    "state": "QLD",
    "name": "Labour Day"
  },
  {
    "date": "2026-06-01",
    "state": "ACT",
    "name": "Reconciliation Day"
  },
  {
    "date": "2026-06-01",
    "state": "WA",
    "name": "Western Australia Day"
  },
  {
    "date": "2026-06-08",
    "state": "ACT",
    "name": "King\u0027s Birthday"
  },
  {
    "date": "2026-06-08",
    "state": "NSW",
    "name": "King\u0027s Birthday"
  },
  {
    "date": "2026-06-08",
    "state": "NT",
    "name": "King\u0027s Birthday"
  },
  {
    "date": "2026-06-08",
    "state": "SA",
    "name": "King\u0027s Birthday"
  },
  {
    "date": "2026-06-08",
    "state": "TAS",
    "name": "King\u0027s Birthday"
  },
  {
    "date": "2026-06-08",
    "state": "VIC",
    "name": "King\u0027s Birthday"
  },
  {
    "date": "2026-08-03",
    "state": "NSW",
    "name": "Bank Holiday"
  },
  {
    "date": "2026-08-03",
    "state": "NT",
    "name": "Picnic Day"
  },
  {
    "date": "2026-09-25",
    "state": "VIC",
    "name": "Friday before AFL Grand Final (Subject to AFL schedule)"
  },
  {
    "date": "2026-09-28",
    "state": "WA",
    "name": "King\u0027s Birthday"
  },
  {
    "date": "2026-10-05",
    "state": "ACT",
    "name": "Labour Day"
  },
  {
    "date": "2026-10-05",
    "state": "NSW",
    "name": "Labour Day"
  },
  {
    "date": "2026-10-05",
    "state": "QLD",
    "name": "King\u0027s Birthday"
  },
  {
    "date": "2026-10-05",
    "state": "SA",
    "name": "Labour Day"
  },
  {
    "date": "2026-11-03",
    "state": "VIC",
    "name": "Melbourne Cup Day"
  },
  {
    "date": "2026-12-24",
    "state": "NT",
    "name": "Christmas Eve (partial day)"
  },
  {
    "date": "2026-12-24",
    "state": "QLD",
    "name": "Christmas Eve (partial day)"
  },
  {
    "date": "2026-12-24",
    "state": "SA",
    "name": "Christmas Eve (partial day)"
  },
  {
    "date": "2026-12-25",
    "state": "ACT",
    "name": "Christmas Day"
  },
  {
    "date": "2026-12-25",
    "state": "NSW",
    "name": "Christmas Day"
  },
  {
    "date": "2026-12-25",
    "state": "NT",
    "name": "Christmas Day"
  },
  {
    "date": "2026-12-25",
    "state": "QLD",
    "name": "Christmas Day"
  },
  {
    "date": "2026-12-25",
    "state": "SA",
    "name": "Christmas Day"
  },
  {
    "date": "2026-12-25",
    "state": "TAS",
    "name": "Christmas Day"
  },
  {
    "date": "2026-12-25",
    "state": "VIC",
    "name": "Christmas Day"
  },
  {
    "date": "2026-12-25",
    "state": "WA",
    "name": "Christmas Day"
  },
  {
    "date": "2026-12-26",
    "state": "ACT",
    "name": "Boxing Day"
  },
  {
    "date": "2026-12-26",
    "state": "NSW",
    "name": "Boxing Day"
  },
  {
    "date": "2026-12-26",
    "state": "NT",
    "name": "Boxing Day"
  },
  {
    "date": "2026-12-26",
    "state": "QLD",
    "name": "Boxing Day"
  },
  {
    "date": "2026-12-26",
    "state": "SA",
    "name": "Proclamation Day"
  },
  {
    "date": "2026-12-26",
    "state": "TAS",
    "name": "Boxing Day"
  },
  {
    "date": "2026-12-26",
    "state": "VIC",
    "name": "Boxing Day"
  },
  {
    "date": "2026-12-26",
    "state": "WA",
    "name": "Boxing Day"
  },
  {
    "date": "2026-12-28",
    "state": "ACT",
    "name": "Christmas (additional)"
  },
  {
    "date": "2026-12-28",
    "state": "NSW",
    "name": "Christmas (additional)"
  },
  {
    "date": "2026-12-28",
    "state": "NT",
    "name": "Christmas (additional)"
  },
  {
    "date": "2026-12-28",
    "state": "QLD",
    "name": "Christmas (additional)"
  },
  {
    "date": "2026-12-28",
    "state": "SA",
    "name": "Proclamation Day (additional)"
  },
  {
    "date": "2026-12-28",
    "state": "TAS",
    "name": "Christmas (additional)"
  },
  {
    "date": "2026-12-28",
    "state": "VIC",
    "name": "Christmas (additional)"
  },
  {
    "date": "2026-12-28",
    "state": "WA",
    "name": "Christmas (additional)"
  },
  {
    "date": "2026-12-31",
    "state": "NT",
    "name": "New Year\u0027s Eve (partial day)"
  },
  {
    "date": "2026-12-31",
    "state": "SA",
    "name": "New Year\u0027s Eve (partial day)"
  },
  {
    "date": "2027-01-01",
    "state": "ACT",
    "name": "New Year\u0027s Day"
  },
  {
    "date": "2027-01-01",
    "state": "NSW",
    "name": "New Year\u0027s Day"
  },
  {
    "date": "2027-01-01",
    "state": "NT",
    "name": "New Year\u0027s Day"
  },
  {
    "date": "2027-01-01",
    "state": "QLD",
    "name": "New Year\u0027s Day"
  },
  {
    "date": "2027-01-01",
    "state": "SA",
    "name": "New Year\u0027s Day"
  },
  {
    "date": "2027-01-01",
    "state": "TAS",
    "name": "New Year\u0027s Day"
  },
  {
    "date": "2027-01-01",
    "state": "VIC",
    "name": "New Year\u0027s Day"
  },
  {
    "date": "2027-01-01",
    "state": "WA",
    "name": "New Year\u0027s Day"
  },
  {
    "date": "2027-01-26",
    "state": "ACT",
    "name": "Australia Day"
  },
  {
    "date": "2027-01-26",
    "state": "NSW",
    "name": "Australia Day"
  },
  {
    "date": "2027-01-26",
    "state": "NT",
    "name": "Australia Day"
  },
  {
    "date": "2027-01-26",
    "state": "QLD",
    "name": "Australia Day"
  },
  {
    "date": "2027-01-26",
    "state": "SA",
    "name": "Australia Day"
  },
  {
    "date": "2027-01-26",
    "state": "TAS",
    "name": "Australia Day"
  },
  {
    "date": "2027-01-26",
    "state": "VIC",
    "name": "Australia Day"
  },
  {
    "date": "2027-01-26",
    "state": "WA",
    "name": "Australia Day"
  },
  {
    "date": "2027-03-01",
    "state": "WA",
    "name": "Labour Day"
  },
  {
    "date": "2027-03-08",
    "state": "ACT",
    "name": "Canberra Day"
  },
  {
    "date": "2027-03-08",
    "state": "SA",
    "name": "Adelaide Cup Day"
  },
  {
    "date": "2027-03-08",
    "state": "TAS",
    "name": "Eight Hours Day"
  },
  {
    "date": "2027-03-08",
    "state": "VIC",
    "name": "Labour Day"
  },
  {
    "date": "2027-03-26",
    "state": "ACT",
    "name": "Good Friday"
  },
  {
    "date": "2027-03-26",
    "state": "NSW",
    "name": "Good Friday"
  },
  {
    "date": "2027-03-26",
    "state": "NT",
    "name": "Good Friday"
  },
  {
    "date": "2027-03-26",
    "state": "QLD",
    "name": "Good Friday"
  },
  {
    "date": "2027-03-26",
    "state": "SA",
    "name": "Good Friday"
  },
  {
    "date": "2027-03-26",
    "state": "TAS",
    "name": "Good Friday"
  },
  {
    "date": "2027-03-26",
    "state": "VIC",
    "name": "Good Friday"
  },
  {
    "date": "2027-03-26",
    "state": "WA",
    "name": "Good Friday"
  },
  {
    "date": "2027-03-27",
    "state": "ACT",
    "name": "Easter Saturday"
  },
  {
    "date": "2027-03-27",
    "state": "NSW",
    "name": "Easter Saturday"
  },
  {
    "date": "2027-03-27",
    "state": "NT",
    "name": "Easter Saturday"
  },
  {
    "date": "2027-03-27",
    "state": "QLD",
    "name": "Easter Saturday"
  },
  {
    "date": "2027-03-27",
    "state": "SA",
    "name": "Easter Saturday"
  },
  {
    "date": "2027-03-27",
    "state": "VIC",
    "name": "Easter Saturday"
  },
  {
    "date": "2027-03-27",
    "state": "WA",
    "name": "Easter Saturday"
  },
  {
    "date": "2027-03-28",
    "state": "ACT",
    "name": "Easter Sunday"
  },
  {
    "date": "2027-03-28",
    "state": "NSW",
    "name": "Easter Sunday"
  },
  {
    "date": "2027-03-28",
    "state": "NT",
    "name": "Easter Sunday"
  },
  {
    "date": "2027-03-28",
    "state": "QLD",
    "name": "Easter Sunday"
  },
  {
    "date": "2027-03-28",
    "state": "SA",
    "name": "Easter Sunday"
  },
  {
    "date": "2027-03-28",
    "state": "TAS",
    "name": "Easter Sunday"
  },
  {
    "date": "2027-03-28",
    "state": "VIC",
    "name": "Easter Sunday"
  },
  {
    "date": "2027-03-28",
    "state": "WA",
    "name": "Easter Sunday"
  },
  {
    "date": "2027-03-29",
    "state": "ACT",
    "name": "Easter Monday"
  },
  {
    "date": "2027-03-29",
    "state": "NSW",
    "name": "Easter Monday"
  },
  {
    "date": "2027-03-29",
    "state": "NT",
    "name": "Easter Monday"
  },
  {
    "date": "2027-03-29",
    "state": "QLD",
    "name": "Easter Monday"
  },
  {
    "date": "2027-03-29",
    "state": "SA",
    "name": "Easter Monday"
  },
  {
    "date": "2027-03-29",
    "state": "TAS",
    "name": "Easter Monday"
  },
  {
    "date": "2027-03-29",
    "state": "VIC",
    "name": "Easter Monday"
  },
  {
    "date": "2027-03-29",
    "state": "WA",
    "name": "Easter Monday"
  },
  {
    "date": "2027-03-30",
    "state": "TAS",
    "name": "Easter Tuesday (Government employees only)"
  },
  {
    "date": "2027-04-25",
    "state": "ACT",
    "name": "Anzac Day"
  },
  {
    "date": "2027-04-25",
    "state": "NSW",
    "name": "Anzac Day"
  },
  {
    "date": "2027-04-25",
    "state": "NT",
    "name": "Anzac Day"
  },
  {
    "date": "2027-04-25",
    "state": "QLD",
    "name": "Anzac Day"
  },
  {
    "date": "2027-04-25",
    "state": "SA",
    "name": "Anzac Day"
  },
  {
    "date": "2027-04-25",
    "state": "TAS",
    "name": "Anzac Day"
  },
  {
    "date": "2027-04-25",
    "state": "VIC",
    "name": "Anzac Day"
  },
  {
    "date": "2027-04-25",
    "state": "WA",
    "name": "Anzac Day"
  },
  {
    "date": "2027-04-26",
    "state": "ACT",
    "name": "Anzac Day (additional)"
  },
  {
    "date": "2027-04-26",
    "state": "NT",
    "name": "Anzac Day (additional)"
  },
  {
    "date": "2027-04-26",
    "state": "QLD",
    "name": "Anzac Day (additional)"
  },
  {
    "date": "2027-04-26",
    "state": "WA",
    "name": "Anzac Day (additional)"
  },
  {
    "date": "2027-05-03",
    "state": "NT",
    "name": "May Day"
  },
  {
    "date": "2027-05-03",
    "state": "QLD",
    "name": "Labour Day"
  },
  {
    "date": "2027-05-31",
    "state": "ACT",
    "name": "Reconciliation Day"
  },
  {
    "date": "2027-06-07",
    "state": "WA",
    "name": "Western Australia Day"
  },
  {
    "date": "2027-06-14",
    "state": "ACT",
    "name": "King\u0027s Birthday"
  },
  {
    "date": "2027-06-14",
    "state": "NSW",
    "name": "King\u0027s Birthday"
  },
  {
    "date": "2027-06-14",
    "state": "NT",
    "name": "King\u0027s Birthday"
  },
  {
    "date": "2027-06-14",
    "state": "SA",
    "name": "King\u0027s Birthday"
  },
  {
    "date": "2027-06-14",
    "state": "TAS",
    "name": "King\u0027s Birthday"
  },
  {
    "date": "2027-06-14",
    "state": "VIC",
    "name": "King\u0027s Birthday"
  },
  {
    "date": "2027-08-02",
    "state": "NSW",
    "name": "Bank Holiday"
  },
  {
    "date": "2027-08-02",
    "state": "NT",
    "name": "Picnic Day"
  },
  {
    "date": "2027-09-24",
    "state": "VIC",
    "name": "Friday before AFL Grand Final (Subject to AFL schedule)"
  },
  {
    "date": "2027-09-27",
    "state": "WA",
    "name": "King\u0027s Birthday"
  },
  {
    "date": "2027-10-04",
    "state": "ACT",
    "name": "Labour Day"
  },
  {
    "date": "2027-10-04",
    "state": "NSW",
    "name": "Labour Day"
  },
  {
    "date": "2027-10-04",
    "state": "QLD",
    "name": "King\u0027s Birthday"
  },
  {
    "date": "2027-10-04",
    "state": "SA",
    "name": "Labour Day"
  },
  {
    "date": "2027-11-02",
    "state": "VIC",
    "name": "Melbourne Cup Day"
  },
  {
    "date": "2027-12-24",
    "state": "NT",
    "name": "Christmas Eve (partial day)"
  },
  {
    "date": "2027-12-24",
    "state": "QLD",
    "name": "Christmas Eve (partial day)"
  },
  {
    "date": "2027-12-24",
    "state": "SA",
    "name": "Christmas Eve (partial day)"
  },
  {
    "date": "2027-12-25",
    "state": "ACT",
    "name": "Christmas Day"
  },
  {
    "date": "2027-12-25",
    "state": "NSW",
    "name": "Christmas Day"
  },
  {
    "date": "2027-12-25",
    "state": "NT",
    "name": "Christmas Day"
  },
  {
    "date": "2027-12-25",
    "state": "QLD",
    "name": "Christmas Day"
  },
  {
    "date": "2027-12-25",
    "state": "SA",
    "name": "Christmas Day"
  },
  {
    "date": "2027-12-25",
    "state": "TAS",
    "name": "Christmas Day"
  },
  {
    "date": "2027-12-25",
    "state": "VIC",
    "name": "Christmas Day"
  },
  {
    "date": "2027-12-25",
    "state": "WA",
    "name": "Christmas Day"
  },
  {
    "date": "2027-12-26",
    "state": "ACT",
    "name": "Boxing Day"
  },
  {
    "date": "2027-12-26",
    "state": "NSW",
    "name": "Boxing Day"
  },
  {
    "date": "2027-12-26",
    "state": "NT",
    "name": "Boxing Day"
  },
  {
    "date": "2027-12-26",
    "state": "QLD",
    "name": "Boxing Day"
  },
  {
    "date": "2027-12-26",
    "state": "SA",
    "name": "Proclamation Day"
  },
  {
    "date": "2027-12-26",
    "state": "TAS",
    "name": "Boxing Day"
  },
  {
    "date": "2027-12-26",
    "state": "VIC",
    "name": "Boxing Day"
  },
  {
    "date": "2027-12-26",
    "state": "WA",
    "name": "Boxing Day"
  },
  {
    "date": "2027-12-27",
    "state": "ACT",
    "name": "Christmas (additional)"
  },
  {
    "date": "2027-12-27",
    "state": "NSW",
    "name": "Christmas (additional)"
  },
  {
    "date": "2027-12-27",
    "state": "NT",
    "name": "Christmas (additional)"
  },
  {
    "date": "2027-12-27",
    "state": "QLD",
    "name": "Christmas (additional)"
  },
  {
    "date": "2027-12-27",
    "state": "SA",
    "name": "Proclamation Day (additional)"
  },
  {
    "date": "2027-12-27",
    "state": "TAS",
    "name": "Christmas (additional)"
  },
  {
    "date": "2027-12-27",
    "state": "VIC",
    "name": "Christmas (additional)"
  },
  {
    "date": "2027-12-27",
    "state": "WA",
    "name": "Christmas (additional)"
  },
  {
    "date": "2027-12-28",
    "state": "ACT",
    "name": "Christmas (additional)"
  },
  {
    "date": "2027-12-28",
    "state": "NSW",
    "name": "Christmas (additional)"
  },
  {
    "date": "2027-12-28",
    "state": "NT",
    "name": "Christmas (additional)"
  },
  {
    "date": "2027-12-28",
    "state": "QLD",
    "name": "Christmas (additional)"
  },
  {
    "date": "2027-12-28",
    "state": "TAS",
    "name": "Christmas (additional)"
  },
  {
    "date": "2027-12-28",
    "state": "VIC",
    "name": "Christmas (additional)"
  },
  {
    "date": "2027-12-28",
    "state": "WA",
    "name": "Christmas (additional)"
  },
  {
    "date": "2027-12-31",
    "state": "NT",
    "name": "New Year\u0027s Eve (partial day)"
  },
  {
    "date": "2027-12-31",
    "state": "SA",
    "name": "New Year\u0027s Eve (partial day)"
  },
  {
    "date": "2028-01-01",
    "state": "ACT",
    "name": "New Year\u0027s Day"
  },
  {
    "date": "2028-01-01",
    "state": "NSW",
    "name": "New Year\u0027s Day"
  },
  {
    "date": "2028-01-01",
    "state": "NT",
    "name": "New Year\u0027s Day"
  },
  {
    "date": "2028-01-01",
    "state": "QLD",
    "name": "New Year\u0027s Day"
  },
  {
    "date": "2028-01-01",
    "state": "SA",
    "name": "New Year\u0027s Day"
  },
  {
    "date": "2028-01-01",
    "state": "TAS",
    "name": "New Year\u0027s Day"
  },
  {
    "date": "2028-01-01",
    "state": "VIC",
    "name": "New Year\u0027s Day"
  },
  {
    "date": "2028-01-01",
    "state": "WA",
    "name": "New Year\u0027s Day"
  },
  {
    "date": "2028-01-03",
    "state": "NSW",
    "name": "New Year\u0027s Day (additional)"
  },
  {
    "date": "2028-01-26",
    "state": "ACT",
    "name": "Australia Day"
  },
  {
    "date": "2028-01-26",
    "state": "NSW",
    "name": "Australia Day"
  },
  {
    "date": "2028-01-26",
    "state": "NT",
    "name": "Australia Day"
  },
  {
    "date": "2028-01-26",
    "state": "QLD",
    "name": "Australia Day"
  },
  {
    "date": "2028-01-26",
    "state": "SA",
    "name": "Australia Day"
  },
  {
    "date": "2028-01-26",
    "state": "TAS",
    "name": "Australia Day"
  },
  {
    "date": "2028-01-26",
    "state": "VIC",
    "name": "Australia Day"
  },
  {
    "date": "2028-01-26",
    "state": "WA",
    "name": "Australia Day"
  },
  {
    "date": "2028-03-06",
    "state": "WA",
    "name": "Labour Day"
  },
  {
    "date": "2028-03-13",
    "state": "ACT",
    "name": "Canberra Day"
  },
  {
    "date": "2028-03-13",
    "state": "SA",
    "name": "Adelaide Cup Day"
  },
  {
    "date": "2028-03-13",
    "state": "TAS",
    "name": "Eight Hours Day"
  },
  {
    "date": "2028-03-13",
    "state": "VIC",
    "name": "Labour Day"
  },
  {
    "date": "2028-04-14",
    "state": "ACT",
    "name": "Good Friday"
  },
  {
    "date": "2028-04-14",
    "state": "NSW",
    "name": "Good Friday"
  },
  {
    "date": "2028-04-14",
    "state": "NT",
    "name": "Good Friday"
  },
  {
    "date": "2028-04-14",
    "state": "QLD",
    "name": "Good Friday"
  },
  {
    "date": "2028-04-14",
    "state": "SA",
    "name": "Good Friday"
  },
  {
    "date": "2028-04-14",
    "state": "TAS",
    "name": "Good Friday"
  },
  {
    "date": "2028-04-14",
    "state": "VIC",
    "name": "Good Friday"
  },
  {
    "date": "2028-04-14",
    "state": "WA",
    "name": "Good Friday"
  },
  {
    "date": "2028-04-15",
    "state": "ACT",
    "name": "Easter Saturday"
  },
  {
    "date": "2028-04-15",
    "state": "NSW",
    "name": "Easter Saturday"
  },
  {
    "date": "2028-04-15",
    "state": "NT",
    "name": "Easter Saturday"
  },
  {
    "date": "2028-04-15",
    "state": "QLD",
    "name": "Easter Saturday"
  },
  {
    "date": "2028-04-15",
    "state": "SA",
    "name": "Easter Saturday"
  },
  {
    "date": "2028-04-15",
    "state": "VIC",
    "name": "Easter Saturday"
  },
  {
    "date": "2028-04-15",
    "state": "WA",
    "name": "Easter Saturday"
  },
  {
    "date": "2028-04-16",
    "state": "ACT",
    "name": "Easter Sunday"
  },
  {
    "date": "2028-04-16",
    "state": "NSW",
    "name": "Easter Sunday"
  },
  {
    "date": "2028-04-16",
    "state": "NT",
    "name": "Easter Sunday"
  },
  {
    "date": "2028-04-16",
    "state": "QLD",
    "name": "Easter Sunday"
  },
  {
    "date": "2028-04-16",
    "state": "SA",
    "name": "Easter Sunday"
  },
  {
    "date": "2028-04-16",
    "state": "TAS",
    "name": "Easter Sunday"
  },
  {
    "date": "2028-04-16",
    "state": "VIC",
    "name": "Easter Sunday"
  },
  {
    "date": "2028-04-16",
    "state": "WA",
    "name": "Easter Sunday"
  },
  {
    "date": "2028-04-17",
    "state": "ACT",
    "name": "Easter Monday"
  },
  {
    "date": "2028-04-17",
    "state": "NSW",
    "name": "Easter Monday"
  },
  {
    "date": "2028-04-17",
    "state": "NT",
    "name": "Easter Monday"
  },
  {
    "date": "2028-04-17",
    "state": "QLD",
    "name": "Easter Monday"
  },
  {
    "date": "2028-04-17",
    "state": "SA",
    "name": "Easter Monday"
  },
  {
    "date": "2028-04-17",
    "state": "TAS",
    "name": "Easter Monday"
  },
  {
    "date": "2028-04-17",
    "state": "VIC",
    "name": "Easter Monday"
  },
  {
    "date": "2028-04-17",
    "state": "WA",
    "name": "Easter Monday"
  },
  {
    "date": "2028-04-18",
    "state": "TAS",
    "name": "Easter Tuesday (Government employees only)"
  },
  {
    "date": "2028-04-25",
    "state": "ACT",
    "name": "Anzac Day"
  },
  {
    "date": "2028-04-25",
    "state": "NSW",
    "name": "Anzac Day"
  },
  {
    "date": "2028-04-25",
    "state": "NT",
    "name": "Anzac Day"
  },
  {
    "date": "2028-04-25",
    "state": "QLD",
    "name": "Anzac Day"
  },
  {
    "date": "2028-04-25",
    "state": "SA",
    "name": "Anzac Day"
  },
  {
    "date": "2028-04-25",
    "state": "TAS",
    "name": "Anzac Day"
  },
  {
    "date": "2028-04-25",
    "state": "VIC",
    "name": "Anzac Day"
  },
  {
    "date": "2028-04-25",
    "state": "WA",
    "name": "Anzac Day"
  },
  {
    "date": "2028-05-01",
    "state": "NT",
    "name": "May Day"
  },
  {
    "date": "2028-05-01",
    "state": "QLD",
    "name": "Labour Day"
  },
  {
    "date": "2028-05-29",
    "state": "ACT",
    "name": "Reconciliation Day"
  },
  {
    "date": "2028-06-05",
    "state": "WA",
    "name": "Western Australia Day"
  },
  {
    "date": "2028-06-12",
    "state": "ACT",
    "name": "King\u0027s Birthday"
  },
  {
    "date": "2028-06-12",
    "state": "NSW",
    "name": "King\u0027s Birthday"
  },
  {
    "date": "2028-06-12",
    "state": "NT",
    "name": "King\u0027s Birthday"
  },
  {
    "date": "2028-06-12",
    "state": "SA",
    "name": "King\u0027s Birthday"
  },
  {
    "date": "2028-06-12",
    "state": "TAS",
    "name": "King\u0027s Birthday"
  },
  {
    "date": "2028-06-12",
    "state": "VIC",
    "name": "King\u0027s Birthday"
  },
  {
    "date": "2028-08-07",
    "state": "NSW",
    "name": "Bank Holiday"
  },
  {
    "date": "2028-08-07",
    "state": "NT",
    "name": "Picnic Day"
  },
  {
    "date": "2028-09-25",
    "state": "WA",
    "name": "King\u0027s Birthday"
  },
  {
    "date": "2028-09-29",
    "state": "VIC",
    "name": "Friday before AFL Grand Final (Subject to AFL schedule)"
  },
  {
    "date": "2028-10-02",
    "state": "ACT",
    "name": "Labour Day"
  },
  {
    "date": "2028-10-02",
    "state": "NSW",
    "name": "Labour Day"
  },
  {
    "date": "2028-10-02",
    "state": "QLD",
    "name": "King\u0027s Birthday"
  },
  {
    "date": "2028-10-02",
    "state": "SA",
    "name": "Labour Day"
  },
  {
    "date": "2028-11-07",
    "state": "VIC",
    "name": "Melbourne Cup Day"
  },
  {
    "date": "2028-12-24",
    "state": "NT",
    "name": "Christmas Eve (partial day)"
  },
  {
    "date": "2028-12-24",
    "state": "QLD",
    "name": "Christmas Eve (partial day)"
  },
  {
    "date": "2028-12-24",
    "state": "SA",
    "name": "Christmas Eve (partial day)"
  },
  {
    "date": "2028-12-25",
    "state": "ACT",
    "name": "Christmas Day"
  },
  {
    "date": "2028-12-25",
    "state": "NSW",
    "name": "Christmas Day"
  },
  {
    "date": "2028-12-25",
    "state": "NT",
    "name": "Christmas Day"
  },
  {
    "date": "2028-12-25",
    "state": "QLD",
    "name": "Christmas Day"
  },
  {
    "date": "2028-12-25",
    "state": "SA",
    "name": "Christmas Day"
  },
  {
    "date": "2028-12-25",
    "state": "TAS",
    "name": "Christmas Day"
  },
  {
    "date": "2028-12-25",
    "state": "VIC",
    "name": "Christmas Day"
  },
  {
    "date": "2028-12-25",
    "state": "WA",
    "name": "Christmas Day"
  },
  {
    "date": "2028-12-26",
    "state": "ACT",
    "name": "Boxing Day"
  },
  {
    "date": "2028-12-26",
    "state": "NSW",
    "name": "Boxing Day"
  },
  {
    "date": "2028-12-26",
    "state": "NT",
    "name": "Boxing Day"
  },
  {
    "date": "2028-12-26",
    "state": "QLD",
    "name": "Boxing Day"
  },
  {
    "date": "2028-12-26",
    "state": "SA",
    "name": "Proclamation and Boxing Day"
  },
  {
    "date": "2028-12-26",
    "state": "TAS",
    "name": "Boxing Day"
  },
  {
    "date": "2028-12-26",
    "state": "VIC",
    "name": "Boxing Day"
  },
  {
    "date": "2028-12-26",
    "state": "WA",
    "name": "Boxing Day"
  },
  {
    "date": "2028-12-31",
    "state": "NT",
    "name": "New Year\u0027s Eve (partial day)"
  },
  {
    "date": "2028-12-31",
    "state": "SA",
    "name": "New Year\u0027s Eve (partial day)"
  },
  {
    "date": "2029-01-01",
    "state": "ACT",
    "name": "New Year\u0027s Day"
  },
  {
    "date": "2029-01-01",
    "state": "NSW",
    "name": "New Year\u0027s Day"
  },
  {
    "date": "2029-01-01",
    "state": "NT",
    "name": "New Year\u0027s Day"
  },
  {
    "date": "2029-01-01",
    "state": "QLD",
    "name": "New Year\u0027s Day"
  },
  {
    "date": "2029-01-01",
    "state": "SA",
    "name": "New Year\u0027s Day"
  },
  {
    "date": "2029-01-01",
    "state": "TAS",
    "name": "New Year\u0027s Day"
  },
  {
    "date": "2029-01-01",
    "state": "VIC",
    "name": "New Year\u0027s Day"
  },
  {
    "date": "2029-01-01",
    "state": "WA",
    "name": "New Year\u0027s Day"
  },
  {
    "date": "2029-01-26",
    "state": "ACT",
    "name": "Australia Day"
  },
  {
    "date": "2029-01-26",
    "state": "NSW",
    "name": "Australia Day"
  },
  {
    "date": "2029-01-26",
    "state": "NT",
    "name": "Australia Day"
  },
  {
    "date": "2029-01-26",
    "state": "QLD",
    "name": "Australia Day"
  },
  {
    "date": "2029-01-26",
    "state": "SA",
    "name": "Australia Day"
  },
  {
    "date": "2029-01-26",
    "state": "TAS",
    "name": "Australia Day"
  },
  {
    "date": "2029-01-26",
    "state": "VIC",
    "name": "Australia Day"
  },
  {
    "date": "2029-01-26",
    "state": "WA",
    "name": "Australia Day"
  },
  {
    "date": "2029-03-05",
    "state": "WA",
    "name": "Labour Day"
  },
  {
    "date": "2029-03-12",
    "state": "ACT",
    "name": "Canberra Day"
  },
  {
    "date": "2029-03-12",
    "state": "SA",
    "name": "Adelaide Cup Day"
  },
  {
    "date": "2029-03-12",
    "state": "TAS",
    "name": "Eight Hours Day"
  },
  {
    "date": "2029-03-12",
    "state": "VIC",
    "name": "Labour Day"
  },
  {
    "date": "2029-03-30",
    "state": "ACT",
    "name": "Good Friday"
  },
  {
    "date": "2029-03-30",
    "state": "NSW",
    "name": "Good Friday"
  },
  {
    "date": "2029-03-30",
    "state": "NT",
    "name": "Good Friday"
  },
  {
    "date": "2029-03-30",
    "state": "QLD",
    "name": "Good Friday"
  },
  {
    "date": "2029-03-30",
    "state": "SA",
    "name": "Good Friday"
  },
  {
    "date": "2029-03-30",
    "state": "TAS",
    "name": "Good Friday"
  },
  {
    "date": "2029-03-30",
    "state": "VIC",
    "name": "Good Friday"
  },
  {
    "date": "2029-03-30",
    "state": "WA",
    "name": "Good Friday"
  },
  {
    "date": "2029-03-31",
    "state": "ACT",
    "name": "Easter Saturday"
  },
  {
    "date": "2029-03-31",
    "state": "NSW",
    "name": "Easter Saturday"
  },
  {
    "date": "2029-03-31",
    "state": "NT",
    "name": "Easter Saturday"
  },
  {
    "date": "2029-03-31",
    "state": "QLD",
    "name": "Easter Saturday"
  },
  {
    "date": "2029-03-31",
    "state": "SA",
    "name": "Easter Saturday"
  },
  {
    "date": "2029-03-31",
    "state": "VIC",
    "name": "Easter Saturday"
  },
  {
    "date": "2029-03-31",
    "state": "WA",
    "name": "Easter Saturday"
  },
  {
    "date": "2029-04-01",
    "state": "ACT",
    "name": "Easter Sunday"
  },
  {
    "date": "2029-04-01",
    "state": "NSW",
    "name": "Easter Sunday"
  },
  {
    "date": "2029-04-01",
    "state": "NT",
    "name": "Easter Sunday"
  },
  {
    "date": "2029-04-01",
    "state": "QLD",
    "name": "Easter Sunday"
  },
  {
    "date": "2029-04-01",
    "state": "SA",
    "name": "Easter Sunday"
  },
  {
    "date": "2029-04-01",
    "state": "TAS",
    "name": "Easter Sunday"
  },
  {
    "date": "2029-04-01",
    "state": "VIC",
    "name": "Easter Sunday"
  },
  {
    "date": "2029-04-01",
    "state": "WA",
    "name": "Easter Sunday"
  },
  {
    "date": "2029-04-02",
    "state": "ACT",
    "name": "Easter Monday"
  },
  {
    "date": "2029-04-02",
    "state": "NSW",
    "name": "Easter Monday"
  },
  {
    "date": "2029-04-02",
    "state": "NT",
    "name": "Easter Monday"
  },
  {
    "date": "2029-04-02",
    "state": "QLD",
    "name": "Easter Monday"
  },
  {
    "date": "2029-04-02",
    "state": "SA",
    "name": "Easter Monday"
  },
  {
    "date": "2029-04-02",
    "state": "TAS",
    "name": "Easter Monday"
  },
  {
    "date": "2029-04-02",
    "state": "VIC",
    "name": "Easter Monday"
  },
  {
    "date": "2029-04-02",
    "state": "WA",
    "name": "Easter Monday"
  },
  {
    "date": "2029-04-03",
    "state": "TAS",
    "name": "Easter Tuesday (Government employees only)"
  },
  {
    "date": "2029-04-25",
    "state": "ACT",
    "name": "Anzac Day"
  },
  {
    "date": "2029-04-25",
    "state": "NSW",
    "name": "Anzac Day"
  },
  {
    "date": "2029-04-25",
    "state": "NT",
    "name": "Anzac Day"
  },
  {
    "date": "2029-04-25",
    "state": "QLD",
    "name": "Anzac Day"
  },
  {
    "date": "2029-04-25",
    "state": "SA",
    "name": "Anzac Day"
  },
  {
    "date": "2029-04-25",
    "state": "TAS",
    "name": "Anzac Day"
  },
  {
    "date": "2029-04-25",
    "state": "VIC",
    "name": "Anzac Day"
  },
  {
    "date": "2029-04-25",
    "state": "WA",
    "name": "Anzac Day"
  },
  {
    "date": "2029-05-07",
    "state": "NT",
    "name": "May Day"
  },
  {
    "date": "2029-05-07",
    "state": "QLD",
    "name": "Labour Day"
  },
  {
    "date": "2029-05-28",
    "state": "ACT",
    "name": "Reconciliation Day"
  },
  {
    "date": "2029-06-04",
    "state": "WA",
    "name": "Western Australia Day"
  },
  {
    "date": "2029-06-11",
    "state": "ACT",
    "name": "King\u0027s Birthday"
  },
  {
    "date": "2029-06-11",
    "state": "NSW",
    "name": "King\u0027s Birthday"
  },
  {
    "date": "2029-06-11",
    "state": "NT",
    "name": "King\u0027s Birthday"
  },
  {
    "date": "2029-06-11",
    "state": "SA",
    "name": "King\u0027s Birthday"
  },
  {
    "date": "2029-06-11",
    "state": "TAS",
    "name": "King\u0027s Birthday"
  },
  {
    "date": "2029-06-11",
    "state": "VIC",
    "name": "King\u0027s Birthday"
  },
  {
    "date": "2029-08-06",
    "state": "NSW",
    "name": "Bank Holiday"
  },
  {
    "date": "2029-08-06",
    "state": "NT",
    "name": "Picnic Day"
  },
  {
    "date": "2029-09-24",
    "state": "WA",
    "name": "King\u0027s Birthday"
  },
  {
    "date": "2029-09-28",
    "state": "VIC",
    "name": "Friday before AFL Grand Final (Subject to AFL schedule)"
  },
  {
    "date": "2029-10-01",
    "state": "ACT",
    "name": "Labour Day"
  },
  {
    "date": "2029-10-01",
    "state": "NSW",
    "name": "Labour Day"
  },
  {
    "date": "2029-10-01",
    "state": "QLD",
    "name": "King\u0027s Birthday"
  },
  {
    "date": "2029-10-01",
    "state": "SA",
    "name": "Labour Day"
  },
  {
    "date": "2029-11-06",
    "state": "VIC",
    "name": "Melbourne Cup Day"
  },
  {
    "date": "2029-12-24",
    "state": "NT",
    "name": "Christmas Eve (partial day)"
  },
  {
    "date": "2029-12-24",
    "state": "QLD",
    "name": "Christmas Eve (partial day)"
  },
  {
    "date": "2029-12-24",
    "state": "SA",
    "name": "Christmas Eve (partial day)"
  },
  {
    "date": "2029-12-25",
    "state": "ACT",
    "name": "Christmas Day"
  },
  {
    "date": "2029-12-25",
    "state": "NSW",
    "name": "Christmas Day"
  },
  {
    "date": "2029-12-25",
    "state": "NT",
    "name": "Christmas Day"
  },
  {
    "date": "2029-12-25",
    "state": "QLD",
    "name": "Christmas Day"
  },
  {
    "date": "2029-12-25",
    "state": "SA",
    "name": "Christmas Day"
  },
  {
    "date": "2029-12-25",
    "state": "TAS",
    "name": "Christmas Day"
  },
  {
    "date": "2029-12-25",
    "state": "VIC",
    "name": "Christmas Day"
  },
  {
    "date": "2029-12-25",
    "state": "WA",
    "name": "Christmas Day"
  },
  {
    "date": "2029-12-26",
    "state": "ACT",
    "name": "Boxing Day"
  },
  {
    "date": "2029-12-26",
    "state": "NSW",
    "name": "Boxing Day"
  },
  {
    "date": "2029-12-26",
    "state": "NT",
    "name": "Boxing Day"
  },
  {
    "date": "2029-12-26",
    "state": "QLD",
    "name": "Boxing Day"
  },
  {
    "date": "2029-12-26",
    "state": "SA",
    "name": "Proclamation and Boxing Day"
  },
  {
    "date": "2029-12-26",
    "state": "TAS",
    "name": "Boxing Day"
  },
  {
    "date": "2029-12-26",
    "state": "VIC",
    "name": "Boxing Day"
  },
  {
    "date": "2029-12-26",
    "state": "WA",
    "name": "Boxing Day"
  },
  {
    "date": "2029-12-31",
    "state": "NT",
    "name": "New Year\u0027s Eve (partial day)"
  },
  {
    "date": "2029-12-31",
    "state": "SA",
    "name": "New Year\u0027s Eve (partial day)"
  },
  {
    "date": "2030-01-01",
    "state": "ACT",
    "name": "New Year\u0027s Day"
  },
  {
    "date": "2030-01-01",
    "state": "NSW",
    "name": "New Year\u0027s Day"
  },
  {
    "date": "2030-01-01",
    "state": "NT",
    "name": "New Year\u0027s Day"
  },
  {
    "date": "2030-01-01",
    "state": "QLD",
    "name": "New Year\u0027s Day"
  },
  {
    "date": "2030-01-01",
    "state": "SA",
    "name": "New Year\u0027s Day"
  },
  {
    "date": "2030-01-01",
    "state": "TAS",
    "name": "New Year\u0027s Day"
  },
  {
    "date": "2030-01-01",
    "state": "VIC",
    "name": "New Year\u0027s Day"
  },
  {
    "date": "2030-01-01",
    "state": "WA",
    "name": "New Year\u0027s Day"
  },
  {
    "date": "2030-01-26",
    "state": "ACT",
    "name": "Australia Day (not holiday)"
  },
  {
    "date": "2030-01-28",
    "state": "ACT",
    "name": "Australia Day (observed)"
  },
  {
    "date": "2030-01-28",
    "state": "NSW",
    "name": "Australia Day (observed)"
  },
  {
    "date": "2030-01-28",
    "state": "NT",
    "name": "Australia Day (observed)"
  },
  {
    "date": "2030-01-28",
    "state": "QLD",
    "name": "Australia Day (observed)"
  },
  {
    "date": "2030-01-28",
    "state": "SA",
    "name": "Australia Day (observed)"
  },
  {
    "date": "2030-01-28",
    "state": "TAS",
    "name": "Australia Day (observed)"
  },
  {
    "date": "2030-01-28",
    "state": "VIC",
    "name": "Australia Day (observed)"
  },
  {
    "date": "2030-01-28",
    "state": "WA",
    "name": "Australia Day (observed)"
  },
  {
    "date": "2030-03-04",
    "state": "WA",
    "name": "Labour Day"
  },
  {
    "date": "2030-03-11",
    "state": "ACT",
    "name": "Canberra Day"
  },
  {
    "date": "2030-03-11",
    "state": "SA",
    "name": "Adelaide Cup Day"
  },
  {
    "date": "2030-03-11",
    "state": "TAS",
    "name": "Eight Hours Day"
  },
  {
    "date": "2030-03-11",
    "state": "VIC",
    "name": "Labour Day"
  },
  {
    "date": "2030-04-19",
    "state": "ACT",
    "name": "Good Friday"
  },
  {
    "date": "2030-04-19",
    "state": "NSW",
    "name": "Good Friday"
  },
  {
    "date": "2030-04-19",
    "state": "NT",
    "name": "Good Friday"
  },
  {
    "date": "2030-04-19",
    "state": "QLD",
    "name": "Good Friday"
  },
  {
    "date": "2030-04-19",
    "state": "SA",
    "name": "Good Friday"
  },
  {
    "date": "2030-04-19",
    "state": "TAS",
    "name": "Good Friday"
  },
  {
    "date": "2030-04-19",
    "state": "VIC",
    "name": "Good Friday"
  },
  {
    "date": "2030-04-19",
    "state": "WA",
    "name": "Good Friday"
  },
  {
    "date": "2030-04-20",
    "state": "ACT",
    "name": "Easter Saturday"
  },
  {
    "date": "2030-04-20",
    "state": "NSW",
    "name": "Easter Saturday"
  },
  {
    "date": "2030-04-20",
    "state": "NT",
    "name": "Easter Saturday"
  },
  {
    "date": "2030-04-20",
    "state": "QLD",
    "name": "Easter Saturday"
  },
  {
    "date": "2030-04-20",
    "state": "SA",
    "name": "Easter Saturday"
  },
  {
    "date": "2030-04-20",
    "state": "VIC",
    "name": "Easter Saturday"
  },
  {
    "date": "2030-04-20",
    "state": "WA",
    "name": "Easter Saturday"
  },
  {
    "date": "2030-04-21",
    "state": "ACT",
    "name": "Easter Sunday"
  },
  {
    "date": "2030-04-21",
    "state": "NSW",
    "name": "Easter Sunday"
  },
  {
    "date": "2030-04-21",
    "state": "NT",
    "name": "Easter Sunday"
  },
  {
    "date": "2030-04-21",
    "state": "QLD",
    "name": "Easter Sunday"
  },
  {
    "date": "2030-04-21",
    "state": "SA",
    "name": "Easter Sunday"
  },
  {
    "date": "2030-04-21",
    "state": "TAS",
    "name": "Easter Sunday"
  },
  {
    "date": "2030-04-21",
    "state": "VIC",
    "name": "Easter Sunday"
  },
  {
    "date": "2030-04-21",
    "state": "WA",
    "name": "Easter Sunday"
  },
  {
    "date": "2030-04-22",
    "state": "ACT",
    "name": "Easter Monday"
  },
  {
    "date": "2030-04-22",
    "state": "NSW",
    "name": "Easter Monday"
  },
  {
    "date": "2030-04-22",
    "state": "NT",
    "name": "Easter Monday"
  },
  {
    "date": "2030-04-22",
    "state": "QLD",
    "name": "Easter Monday"
  },
  {
    "date": "2030-04-22",
    "state": "SA",
    "name": "Easter Monday"
  },
  {
    "date": "2030-04-22",
    "state": "TAS",
    "name": "Easter Monday"
  },
  {
    "date": "2030-04-22",
    "state": "VIC",
    "name": "Easter Monday"
  },
  {
    "date": "2030-04-22",
    "state": "WA",
    "name": "Easter Monday"
  },
  {
    "date": "2030-04-23",
    "state": "TAS",
    "name": "Easter Tuesday (Government employees only)"
  },
  {
    "date": "2030-04-25",
    "state": "ACT",
    "name": "Anzac Day"
  },
  {
    "date": "2030-04-25",
    "state": "NSW",
    "name": "Anzac Day"
  },
  {
    "date": "2030-04-25",
    "state": "NT",
    "name": "Anzac Day"
  },
  {
    "date": "2030-04-25",
    "state": "QLD",
    "name": "Anzac Day"
  },
  {
    "date": "2030-04-25",
    "state": "SA",
    "name": "Anzac Day"
  },
  {
    "date": "2030-04-25",
    "state": "TAS",
    "name": "Anzac Day"
  },
  {
    "date": "2030-04-25",
    "state": "VIC",
    "name": "Anzac Day"
  },
  {
    "date": "2030-04-25",
    "state": "WA",
    "name": "Anzac Day"
  },
  {
    "date": "2030-05-06",
    "state": "NT",
    "name": "May Day"
  },
  {
    "date": "2030-05-06",
    "state": "QLD",
    "name": "Labour Day"
  },
  {
    "date": "2030-05-27",
    "state": "ACT",
    "name": "Reconciliation Day"
  },
  {
    "date": "2030-06-03",
    "state": "WA",
    "name": "Western Australia Day"
  },
  {
    "date": "2030-06-10",
    "state": "ACT",
    "name": "King\u0027s Birthday"
  },
  {
    "date": "2030-06-10",
    "state": "NSW",
    "name": "King\u0027s Birthday"
  },
  {
    "date": "2030-06-10",
    "state": "NT",
    "name": "King\u0027s Birthday"
  },
  {
    "date": "2030-06-10",
    "state": "SA",
    "name": "King\u0027s Birthday"
  },
  {
    "date": "2030-06-10",
    "state": "TAS",
    "name": "King\u0027s Birthday"
  },
  {
    "date": "2030-06-10",
    "state": "VIC",
    "name": "King\u0027s Birthday"
  },
  {
    "date": "2030-08-05",
    "state": "NSW",
    "name": "Bank Holiday"
  },
  {
    "date": "2030-08-05",
    "state": "NT",
    "name": "Picnic Day"
  },
  {
    "date": "2030-09-23",
    "state": "WA",
    "name": "King\u0027s Birthday"
  },
  {
    "date": "2030-09-27",
    "state": "VIC",
    "name": "Friday before AFL Grand Final (Subject to AFL schedule)"
  },
  {
    "date": "2030-10-07",
    "state": "ACT",
    "name": "Labour Day"
  },
  {
    "date": "2030-10-07",
    "state": "NSW",
    "name": "Labour Day"
  },
  {
    "date": "2030-10-07",
    "state": "QLD",
    "name": "King\u0027s Birthday"
  },
  {
    "date": "2030-10-07",
    "state": "SA",
    "name": "Labour Day"
  },
  {
    "date": "2030-11-05",
    "state": "VIC",
    "name": "Melbourne Cup Day"
  },
  {
    "date": "2030-12-24",
    "state": "NT",
    "name": "Christmas Eve (partial day)"
  },
  {
    "date": "2030-12-24",
    "state": "QLD",
    "name": "Christmas Eve (partial day)"
  },
  {
    "date": "2030-12-24",
    "state": "SA",
    "name": "Christmas Eve (partial day)"
  },
  {
    "date": "2030-12-25",
    "state": "ACT",
    "name": "Christmas Day"
  },
  {
    "date": "2030-12-25",
    "state": "NSW",
    "name": "Christmas Day"
  },
  {
    "date": "2030-12-25",
    "state": "NT",
    "name": "Christmas Day"
  },
  {
    "date": "2030-12-25",
    "state": "QLD",
    "name": "Christmas Day"
  },
  {
    "date": "2030-12-25",
    "state": "SA",
    "name": "Christmas Day"
  },
  {
    "date": "2030-12-25",
    "state": "TAS",
    "name": "Christmas Day"
  },
  {
    "date": "2030-12-25",
    "state": "VIC",
    "name": "Christmas Day"
  },
  {
    "date": "2030-12-25",
    "state": "WA",
    "name": "Christmas Day"
  },
  {
    "date": "2030-12-26",
    "state": "ACT",
    "name": "Boxing Day"
  },
  {
    "date": "2030-12-26",
    "state": "NSW",
    "name": "Boxing Day"
  },
  {
    "date": "2030-12-26",
    "state": "NT",
    "name": "Boxing Day"
  },
  {
    "date": "2030-12-26",
    "state": "QLD",
    "name": "Boxing Day"
  },
  {
    "date": "2030-12-26",
    "state": "SA",
    "name": "Proclamation and Boxing Day"
  },
  {
    "date": "2030-12-26",
    "state": "TAS",
    "name": "Boxing Day"
  },
  {
    "date": "2030-12-26",
    "state": "VIC",
    "name": "Boxing Day"
  },
  {
    "date": "2030-12-26",
    "state": "WA",
    "name": "Boxing Day"
  },
  {
    "date": "2030-12-31",
    "state": "NT",
    "name": "New Year\u0027s Eve (partial day)"
  },
  {
    "date": "2030-12-31",
    "state": "SA",
    "name": "New Year\u0027s Eve (partial day)"
  }
]