2025
    Jan 01 Wed - New Year's Day
    Jan 27 Mon - Australia Day (observed)
    Mar 10 Mon - Eight Hours Day
    Apr 18 Fri - Good Friday
    Apr 20 Sun - Easter Sunday
    Apr 21 Mon - Easter Monday
    Apr 22 Tue - Easter Tuesday (Government employees only)
    Apr 25 Fri - Anzac Day
    Jun 09 Mon - King's Birthday
    Dec 25 Thu - Christmas Day
    Dec 26 Fri - Boxing Day
2026
    Jan 01 Thu - New Year's Day
    Jan 26 Mon - Australia Day
    Mar 09 Mon - Eight Hours Day
    Apr 03 Fri - Good Friday
    Apr 05 Sun - Easter Sunday
    Apr 06 Mon - Easter Monday
    Apr 07 Tue - Easter Tuesday (Government employees only)
    Apr 25 Sat - Anzac Day
    Jun 08 Mon - King's Birthday
    Dec 25 Fri - Christmas Day
    Dec 26 Sat - Boxing Day
    Dec 28 Mon - Christmas (additional)
2027
    Jan 01 Fri - New Year's Day
    Jan 26 Tue - Australia Day
    Mar 08 Mon - Eight Hours Day
    Mar 26 Fri - Good Friday
    Mar 28 Sun - Easter Sunday
    Mar 29 Mon - Easter Monday
    Mar 30 Tue - Easter Tuesday (Government employees only)
    Apr 25 Sun - Anzac Day
    Jun 14 Mon - King's Birthday
    Dec 25 Sat - Christmas Day
    Dec 26 Sun - Boxing Day
    Dec 27 Mon - Christmas (additional)
    Dec 28 Tue - Christmas (additional)
2028
    Jan 01 Sat - New Year's Day
    Jan 26 Wed - Australia Day
    Mar 13 Mon - Eight Hours Day
    Apr 14 Fri - Good Friday
    Apr 16 Sun - Easter Sunday
    Apr 17 Mon - Easter Monday
    Apr 18 Tue - Easter Tuesday (Government employees only)
    Apr 25 Tue - Anzac Day
    Jun 12 Mon - King's Birthday
    Dec 25 Mon - Christmas Day
    Dec 26 Tue - Boxing Day
2029
    Jan 01 Mon - New Year's Day
    Jan 26 Fri - Australia Day
    Mar 12 Mon - Eight Hours Day
    Mar 30 Fri - Good Friday
    Apr 01 Sun - Easter Sunday
    Apr 02 Mon - Easter Monday
    Apr 03 Tue - Easter Tuesday (Government employees only)
    Apr 25 Wed - Anzac Day
    Jun 11 Mon - King's Birthday
    Dec 25 Tue - Christmas Day
    Dec 26 Wed - Boxing Day
2030
    Jan 01 Tue - New Year's Day
    Jan 28 Mon - Australia Day (observed)
    Mar 11 Mon - Eight Hours Day
    Apr 19 Fri - Good Friday
    Apr 21 Sun - Easter Sunday
    Apr 22 Mon - Easter Monday
    Apr 23 Tue - Easter Tuesday (Government employees only)
    Apr 25 Thu - Anzac Day
    Jun 10 Mon - King's Birthday
    Dec 25 Wed - Christmas Day
    Dec 26 Thu - Boxing Day
